Workbook

Sheet Gender Analysis
A3: Gender | B3: Average of Academic_Score | C3: Average of Success_Score | D3: Average of Attendance_Percentage
A4: Female | B4: 48.744216 | C4: 51.922002 | D4: 75.269758
A5: Male | B5: 49.041652 | C5: 52.08013 | D5: 74.335536
A6: Other | B6: 47.073265 | C6: 49.969327 | D6: 75.84898
A7: Grand Total | B7: 48.713714 | C7: 51.801481 | D7: 74.90799

Sheet Risk Analysis
A3: Count of Student_ID | B3: Performance_Category
A4: Risk_Level | B4: Developing | C4: Exceptional | D4: Needs Improvement | E4: Strong | F4: Grand Total
A5: High Risk | B5: 2 | D5: 108 | F5: 110
A6: Low Risk | B6: 108 | C6: 3 | D6: 4 | E6: 62 | F6: 177
A7: Medium Risk | B7: 201 | D7: 481 | E7: 31 | F7: 713
A8: Grand Total | B8: 311 | C8: 3 | D8: 593 | E8: 93 | F8: 1000

Sheet Age Analysis
A3: Age_Group | B3: Average of Academic_Score | C3: Average of Engagement_Score | D3: Average of Success_Score | E3: Average of Study_Hours_per_Week
A4: 18-20 | B4: 48.165036 | C4: 60.272011 | D4: 51.993021 | E4: 10.024793
A5: 21-23 | B5: 48.799984 | C5: 58.210542 | D5: 51.553049 | E5: 9.6197917
A6: 24-25 | B6: 49.370008 | C6: 59.792838 | D6: 51.90373 | E6: 8.687747
A7: Grand Total | B7: 48.713714 | C7: 59.359176 | D7: 51.801481 | E7: 9.531

Sheet Performance Matrix
A3: Performance_Category | B3: Average of Engagement_Score | C3: Average of Academic_Score | D3: Average of Success_Score | E3: Average of Study_Hours_per_Week
A4: Developing | B4: 61.505016 | C4: 63.748148 | D4: 61.602323 | E4: 9.8038585
A5: Exceptional | B5: 72.162667 | C5: 93.372667 | D5: 87.1724 | E5: 19
A6: Needs Improvement | B6: 57.40253 | C6: 35.463406 | D6: 42.975194 | E6: 8.9527825
A7: Strong | B7: 64.246538 | C7: 81.485183 | D7: 74.165071 | E7: 12
A8: Grand Total | B8: 59.359176 | C8: 48.713714 | D8: 51.801481 | E8: 9.531

Sheet studentdata
A1: Student_ID | B1: Age | C1: Gender | D1: Attendance_Percentage | E1: Assignments_Completed | F1: Class_Participation | G1: Midterm_Grade | H1: Final_Grade | I1: Study_Hours_per_Week | J1: Projects_Submitted | K1: Academic_Score | L1: Engagement_Score | M1: Success_Score | N1: Performance_Category | O1: Risk_Level | P1: Age_Group
A2: S0001 | B2: 24 | C2: Female | D2: 75.95 | E2: 2 | F2: 7.94 | G2: 52.36 | H2: 33.88 | I2: 9 | J2: 1 | K2: =(StudentData[[#This Row],[Midterm_Grade]]*40%)+(StudentData[[#This Row],[Final_Grade]]*60%) -> 41.272 | L2: =StudentData[[#This Row],[Attendance_Percentage]]*40%+StudentData[[#This Row],[Assignments_Completed]]*2+StudentData[[#This Row],[Class_Participation]]*2+StudentData[[#This Row],[Projects_Submitted]]*4 -> 54.26 | M2: =StudentData[[#This Row],[Academic_Score]]*60%+StudentData[[#This Row],[Engagement_Score]]*30%+MIN(StudentData[[#This Row],[Study_Hours_per_Week]],20)/20*100*10% -> 45.5412 | N2: {=_xlfn.IFS(StudentData[[#This Row],[Success_Score]]>=85,"Exceptional",StudentData[[#This Row],[Success_Score]]>=70,"Strong",StudentData[[#This Row],[Success_Score]]>=55,"Developing",TRUE,"Needs Improvement")} -> Needs Improvement | O2: =IF(AND(D2<60,K2<50),"High Risk",IF(OR(D2<70,K2<60),"Medium Risk","Low Risk")) -> Medium Risk | P2: =IF(B2<=20,"18-20",IF(B2<=23,"21-23","24-25")) -> 24-25
A3: S0002 | B3: 21 | C3: Female | D3: 73.96 | E3: 3 | F3: 8.84 | G3: 28.23 | H3: 40.51 | I3: 2 | J3: 5 | K3: =(StudentData[[#This Row],[Midterm_Grade]]*40%)+(StudentData[[#This Row],[Final_Grade]]*60%) -> 35.598 | L3: =StudentData[[#This Row],[Attendance_Percentage]]*40%+StudentData[[#This Row],[Assignments_Completed]]*2+StudentData[[#This Row],[Class_Participation]]*2+StudentData[[#This Row],[Projects_Submitted]]*4 -> 73.264 | M3: =StudentData[[#This Row],[Academic_Score]]*60%+StudentData[[#This Row],[Engagement_Score]]*30%+MIN(StudentData[[#This Row],[Study_Hours_per_Week]],20)/20*100*10% -> 44.338 | N3: {=_xlfn.IFS(StudentData[[#This Row],[Success_Score]]>=85,"Exceptional",StudentData[[#This Row],[Success_Score]]>=70,"Strong",StudentData[[#This Row],[Success_Score]]>=55,"Developing",TRUE,"Needs Improvement")} -> Needs Improvement | O3: =IF(AND(D3<60,K3<50),"High Risk",IF(OR(D3<70,K3<60),"Medium Risk","Low Risk")) -> Medium Risk | P3: =IF(B3<=20,"18-20",IF(B3<=23,"21-23","24-25")) -> 21-23
A4: S0003 | B4: 22 | C4: Male | D4: 51.28 | E4: 6 | F4: 3.45 | G4: 29.81 | H4: 23.9 | I4: 19 | J4: 3 | K4: =(StudentData[[#This Row],[Midterm_Grade]]*40%)+(StudentData[[#This Row],[Final_Grade]]*60%) -> 26.264 | L4: =StudentData[[#This Row],[Attendance_Percentage]]*40%+StudentData[[#This Row],[Assignments_Completed]]*2+StudentData[[#This Row],[Class_Participation]]*2+StudentData[[#This Row],[Projects_Submitted]]*4 -> 51.412 | M4: =StudentData[[#This Row],[Academic_Score]]*60%+StudentData[[#This Row],[Engagement_Score]]*30%+MIN(StudentData[[#This Row],[Study_Hours_per_Week]],20)/20*100*10% -> 40.682 | N4: {=_xlfn.IFS(StudentData[[#This Row],[Success_Score]]>=85,"Exceptional",StudentData[[#This Row],[Success_Score]]>=70,"Strong",StudentData[[#This Row],[Success_Score]]>=55,"Developing",TRUE,"Needs Improvement")} -> Needs Improvement | O4: =IF(AND(D4<60,K4<50),"High Risk",IF(OR(D4<70,K4<60),"Medium Risk","Low Risk")) -> High Risk | P4: =IF(B4<=20,"18-20",IF(B4<=23,"21-23","24-25")) -> 21-23
A5: S0004 | B5: 24 | C5: Female | D5: 67.06 | E5: 2 | F5: 4.62 | G5: 27.78 | H5: 62.89 | I5: 9 | J5: 0 | K5: =(StudentData[[#This Row],[Midterm_Grade]]*40%)+(StudentData[[#This Row],[Final_Grade]]*60%) -> 48.846 | L5: =StudentData[[#This Row],[Attendance_Percentage]]*40%+StudentData[[#This Row],[Assignments_Completed]]*2+StudentData[[#This Row],[Class_Participation]]*2+StudentData[[#This Row],[Projects_Submitted]]*4 -> 40.064 | M5: =StudentData[[#This Row],[Academic_Score]]*60%+StudentData[[#This Row],[Engagement_Score]]*30%+MIN(StudentData[[#This Row],[Study_Hours_per_Week]],20)/20*100*10% -> 45.8268 | N5: {=_xlfn.IFS(StudentData[[#This Row],[Success_Score]]>=85,"Exceptional",StudentData[[#This Row],[Success_Score]]>=70,"Strong",StudentData[[#This Row],[Success_Score]]>=55,"Developing",TRUE,"Needs Improvement")} -> Needs Improvement | O5: =IF(AND(D5<60,K5<50),"High Risk",IF(OR(D5<70,K5<60),"Medium Risk","Low Risk")) -> Medium Risk | P5: =IF(B5<=20,"18-20",IF(B5<=23,"21-23","24-25")) -> 24-25
A6: S0005 | B6: 20 | C6: Female | D6: 69.01 | E6: 8 | F6: 4.15 | G6: 77.15 | H6: 64.04 | I6: 17 | J6: 0 | K6: =(StudentData[[#This Row],[Midterm_Grade]]*40%)+(StudentData[[#This Row],[Final_Grade]]*60%) -> 69.284 | L6: =StudentData[[#This Row],[Attendance_Percentage]]*40%+StudentData[[#This Row],[Assignments_Completed]]*2+StudentData[[#This Row],[Class_Participation]]*2+StudentData[[#This Row],[Projects_Submitted]]*4 -> 51.904 | M6: =StudentData[[#This Row],[Academic_Score]]*60%+StudentData[[#This Row],[Engagement_Score]]*30%+MIN(StudentData[[#This Row],[Study_Hours_per_Week]],20)/20*100*10% -> 65.6416 | N6: {=_xlfn.IFS(StudentData[[#This Row],[Success_Score]]>=85,"Exceptional",StudentData[[#This Row],[Success_Score]]>=70,"Strong",StudentData[[#This Row],[Success_Score]]>=55,"Developing",TRUE,"Needs Improvement")} -> Developing | O6: =IF(AND(D6<60,K6<50),"High Risk",IF(OR(D6<70,K6<60),"Medium Risk","Low Risk")) -> Medium Risk | P6: =IF(B6<=20,"18-20",IF(B6<=23,"21-23","24-25")) -> 18-20
A7: S0006 | B7: 25 | C7: Male | D7: 69.94 | E7: 7 | F7: 0.13 | G7: 65.19 | H7: 85.05 | I7: 13 | J7: 5 | K7: =(StudentData[[#This Row],[Midterm_Grade]]*40%)+(StudentData[[#This Row],[Final_Grade]]*60%) -> 77.106 | L7: =StudentData[[#This Row],[Attendance_Percentage]]*40%+StudentData[[#This Row],[Assignments_Completed]]*2+StudentData[[#This Row],[Class_Participation]]*2+StudentData[[#This Row],[Projects_Submitted]]*4 -> 62.236 | M7: =StudentData[[#This Row],[Academic_Score]]*60%+StudentData[[#This Row],[Engagement_Score]]*30%+MIN(StudentData[[#This Row],[Study_Hours_per_Week]],20)/20*100*10% -> 71.4344 | N7: {=_xlfn.IFS(StudentData[[#This Row],[Success_Score]]>=85,"Exceptional",StudentData[[#This Row],[Success_Score]]>=70,"Strong",StudentData[[#This Row],[Success_Score]]>=55,"Developing",TRUE,"Needs Improvement")} -> Strong | O7: =IF(AND(D7<60,K7<50),"High Risk",IF(OR(D7<70,K7<60),"Medium Risk","Low Risk")) -> Medium Risk | P7: =IF(B7<=20,"18-20",IF(B7<=23,"21-23","24-25")) -> 24-25
A8: S0007 | B8: 22 | C8: Other | D8: 79.01 | E8: 3 | F8: 2.96 | G8: 83.24 | H8: 74.09 | I8: 17 | J8: 0 | K8: =(StudentData[[#This Row],[Midterm_Grade]]*40%)+(StudentData[[#This Row],[Final_Grade]]*60%) -> 77.75 | L8: =StudentData[[#This Row],[Attendance_Percentage]]*40%+StudentData[[#This Row],[Assignments_Completed]]*2+StudentData[[#This Row],[Class_Participation]]*2+StudentData[[#This Row],[Projects_Submitted]]*4 -> 43.524 | M8: =StudentData[[#This Row],[Academic_Score]]*60%+StudentData[[#This Row],[Engagement_Score]]*30%+MIN(StudentData[[#This Row],[Study_Hours_per_Week]],20)/20*100*10% -> 68.2072 | N8: {=_xlfn.IFS(StudentData[[#This Row],[Success_Score]]>=85,"Exceptional",StudentData[[#This Row],[Success_Score]]>=70,"Strong",StudentData[[#This Row],[Success_Score]]>=55,"Developing",TRUE,"Needs Improvement")} -> Developing | O8: =IF(AND(D8<60,K8<50),"High Risk",IF(OR(D8<70,K8<60),"Medium Risk","Low Risk")) -> Low Risk | P8: =IF(B8<=20,"18-20",IF(B8<=23,"21-23","24-25")) -> 21-23
A9: S0008 | B9: 22 | C9: Female | D9: 76.68 | E9: 0 | F9: 4.59 | G9: 97.55 | H9: 54.26 | I9: 7 | J9: 1 | K9: =(StudentData[[#This Row],[Midterm_Grade]]*40%)+(StudentData[[#This Row],[Final_Grade]]*60%) -> 71.576 | L9: =StudentData[[#This Row],[Attendance_Percentage]]*40%+StudentData[[#This Row],[Assignments_Completed]]*2+StudentData[[#This Row],[Class_Participation]]*2+StudentData[[#This Row],[Projects_Submitted]]*4 -> 43.852 | M9: =StudentData[[#This Row],[Academic_Score]]*60%+StudentData[[#This Row],[Engagement_Score]]*30%+MIN(StudentData[[#This Row],[Study_Hours_per_Week]],20)/20*100*10% -> 59.6012 | N9: {=_xlfn.IFS(StudentData[[#This Row],[Success_Score]]>=85,"Exceptional",StudentData[[#This Row],[Success_Score]]>=70,"Strong",StudentData[[#This Row],[Success_Score]]>=55,"Developing",TRUE,"Needs Improvement")} -> Developing | O9: =IF(AND(D9<60,K9<50),"High Risk",IF(OR(D9<70,K9<60),"Medium Risk","Low Risk")) -> Low Risk | P9: =IF(B9<=20,"18-20",IF(B9<=23,"21-23","24-25")) -> 21-23
A10: S0009 | B10: 24 | C10: Other | D10: 80.4 | E10: 0 | F10: 4.11 | G10: 47.42 | H10: 65.36 | I10: 9 | J10: 0 | K10: =(StudentData[[#This Row],[Midterm_Grade]]*40%)+(StudentData[[#This Row],[Final_Grade]]*60%) -> 58.184 | L10: =StudentData[[#This Row],[Attendance_Percentage]]*40%+StudentData[[#This Row],[Assignments_Completed]]*2+StudentData[[#This Row],[Class_Participation]]*2+StudentData[[#This Row],[Projects_Submitted]]*4 -> 40.38 | M10: =StudentData[[#This Row],[Academic_Score]]*60%+StudentData[[#This Row],[Engagement_Score]]*30%+MIN(StudentData[[#This Row],[Study_Hours_per_Week]],20)/20*100*10% -> 51.5244 | N10: {=_xlfn.IFS(StudentData[[#This Row],[Success_Score]]>=85,"Exceptional",StudentData[[#This Row],[Success_Score]]>=70,"Strong",StudentData[[#This Row],[Success_Score]]>=55,"Developing",TRUE,"Needs Improvement")} -> Needs Improvement | O10: =IF(AND(D10<60,K10<50),"High Risk",IF(OR(D10<70,K10<60),"Medium Risk","Low Risk")) -> Medium Risk | P10: =IF(B10<=20,"18-20",IF(B10<=23,"21-23","24-25")) -> 24-25
A11: S0010 | B11: 19 | C11: Female | D11: 88.24 | E11: 0 | F11: 7.22 | G11: 6.67 | H11: 27.4 | I11: 12 | J11: 4 | K11: =(StudentData[[#This Row],[Midterm_Grade]]*40%)+(StudentData[[#This Row],[Final_Grade]]*60%) -> 19.108 | L11: =StudentData[[#This Row],[Attendance_Percentage]]*40%+StudentData[[#This Row],[Assignments_Completed]]*2+StudentData[[#This Row],[Class_Participation]]*2+StudentData[[#This Row],[Projects_Submitted]]*4 -> 65.736 | M11: =StudentData[[#This Row],[Academic_Score]]*60%+StudentData[[#This Row],[Engagement_Score]]*30%+MIN(StudentData[[#This Row],[Study_Hours_per_Week]],20)/20*100*10% -> 37.1856 | N11: {=_xlfn.IFS(StudentData[[#This Row],[Success_Score]]>=85,"Exceptional",StudentData[[#This Row],[Success_Score]]>=70,"Strong",StudentData[[#This Row],[Success_Score]]>=55,"Developing",TRUE,"Needs Improvement")} -> Needs Improvement | O11: =IF(AND(D11<60,K11<50),"High Risk",IF(OR(D11<70,K11<60),"Medium Risk","Low Risk")) -> Medium Risk | P11: =IF(B11<=20,"18-20",IF(B11<=23,"21-23","24-25")) -> 18-20
A12: S0011 | B12: 20 | C12: Female | D12: 90.65 | E12: 0 | F12: 3.85 | G12: 4.81 | H12: 59.31 | I12: 7 | J12: 4 | K12: =(StudentData[[#This Row],[Midterm_Grade]]*40%)+(StudentData[[#This Row],[Final_Grade]]*60%) -> 37.51 | L12: =StudentData[[#This Row],[Attendance_Percentage]]*40%+StudentData[[#This Row],[Assignments_Completed]]*2+StudentData[[#This Row],[Class_Participation]]*2+StudentData[[#This Row],[Projects_Submitted]]*4 -> 59.96 | M12: =StudentData[[#This Row],[Academic_Score]]*60%+StudentData[[#This Row],[Engagement_Score]]*30%+MIN(StudentData[[#This Row],[Study_Hours_per_Week]],20)/20*100*10% -> 43.994 | N12: {=_xlfn.IFS(StudentData[[#This Row],[Success_Score]]>=85,"Exceptional",StudentData[[#This Row],[Success_Score]]>=70,"Strong",StudentData[[#This Row],[Success_Score]]>=55,"Developing",TRUE,"Needs Improvement")} -> Needs Improvement | O12: =IF(AND(D12<60,K12<50),"High Risk",IF(OR(D12<70,K12<60),"Medium Risk","Low Risk")) -> Medium Risk | P12: =IF(B12<=20,"18-20",IF(B12<=23,"21-23","24-25")) -> 18-20
A13: S0012 | B13: 24 | C13: Male | D13: 85.91 | E13: 7 | F13: 4.89 | G13: 29.57 | H13: 48.92 | I13: 3 | J13: 0 | K13: =(StudentData[[#This Row],[Midterm_Grade]]*40%)+(StudentData[[#This Row],[Final_Grade]]*60%) -> 41.18 | L13: =StudentData[[#This Row],[Attendance_Percentage]]*40%+StudentData[[#This Row],[Assignments_Completed]]*2+StudentData[[#This Row],[Class_Participation]]*2+StudentData[[#This Row],[Projects_Submitted]]*4 -> 58.144 | M13: =StudentData[[#This Row],[Academic_Score]]*60%+StudentData[[#This Row],[Engagement_Score]]*30%+MIN(StudentData[[#This Row],[Study_Hours_per_Week]],20)/20*100*10% -> 43.6512 | N13: {=_xlfn.IFS(StudentData[[#This Row],[Success_Score]]>=85,"Exceptional",StudentData[[#This Row],[Success_Score]]>=70,"Strong",StudentData[[#This Row],[Success_Score]]>=55,"Developing",TRUE,"Needs Improvement")} -> Needs Improvement | O13: =IF(AND(D13<60,K13<50),"High Risk",IF(OR(D13<70,K13<60),"Medium Risk","Low Risk")) -> Medium Risk | P13: =IF(B13<=20,"18-20",IF(B13<=23,"21-23","24-25")) -> 24-25
... A1001: S1000 | B1001: 20 | C1001: Female | D1001: 70.38 | E1001: 5 | F1001: 5.51 | G1001: 4.7 | H1001: 52.17 | I1001: 18 | J1001: 4 | K1001: =(StudentData[[#This Row],[Midterm_Grade]]*40%)+(StudentData[[#This Row],[Final_Grade]]*60%) -> 33.182 | L1001: =StudentData[[#This Row],[Attendance_Percentage]]*40%+StudentData[[#This Row],[Assignments_Completed]]*2+StudentData[[#This Row],[Class_Participation]]*2+StudentData[[#This Row],[Projects_Submitted]]*4 -> 65.172 | M1001: =StudentData[[#This Row],[Academic_Score]]*60%+StudentData[[#This Row],[Engagement_Score]]*30%+MIN(StudentData[[#This Row],[Study_Hours_per_Week]],20)/20*100*10% -> 48.4608 | N1001: {=_xlfn.IFS(StudentData[[#This Row],[Success_Score]]>=85,"Exceptional",StudentData[[#This Row],[Success_Score]]>=70,"Strong",StudentData[[#This Row],[Success_Score]]>=55,"Developing",TRUE,"Needs Improvement")} -> Needs Improvement | O1001: =IF(AND(D1001<60,K1001<50),"High Risk",IF(OR(D1001<70,K1001<60),"Medium Risk","Low Risk")) -> Medium Risk | P1001: =IF(B1001<=20,"18-20",IF(B1001<=23,"21-23","24-25")) -> 18-20

Sheet Analysis
A2: SMARTCAMPUS 360 — DATA ANALYSIS
A3: Total Students | B3: =COUNTA(StudentData[Student_ID]) -> 1000
A4: Average Attendance | B4: =AVERAGE(StudentData[Attendance_Percentage]) -> 74.90799
A5: Average Academic Score | B5: =AVERAGE(StudentData[Academic_Score]) -> 48.713714
A6: Average Engagement Score | B6: =AVERAGE(StudentData[Engagement_Score]) -> 59.359176
A7: Average Success Score | B7: =AVERAGE(StudentData[Success_Score]) -> 51.801481
A8: High Risk Students | B8: =COUNTIF(studentdata!O:O,"High Risk") -> 110
A9: Medium Risk Students | B9: =COUNTIF(studentdata!O:O,"Medium Risk") -> 713
A10: low Risk Students | B10: =COUNTIF(studentdata!O:O,"Low Risk") -> 177

Sheet Dashboard.
A1: SMARTCAMPUS 360 — STUDENT PERFORMANCE DASHBOARD
A2: Performance | B2: Average
A3: Total Students | B3: =Analysis!B3 -> 1000
A4: Avg Attendance | B4: =Analysis!B4 -> 74.90799
A5: Avg Academic Score | B5: =Analysis!B5 -> 48.713714
A6: Avg Engagement Score | B6: =Analysis!B6 -> 59.359176
